{"cameraMode":{"drawMode":0,"name":"Shaded","section":"Shading Mode"},"sceneLighting":false,"audioPlay":false,"sceneViewState":{"showFog":false,"showMaterialUpdate":false,"showSkybox":false,"showFlares":false,"showImageEffects":false,"showParticleSystems":false},"in2DMode":false,"pivot":{"x":-6.46999979019165,"y":0.8999999165534973,"z":2.440000057220459},"rotation":{"x":0.032481152564287189,"y":0.9667007923126221,"z":-0.15799084305763246,"w":0.19877679646015168},"size":8.38313102722168,"orthographic":true}