{"cameraMode":{"drawMode":0,"name":"Shaded","section":"Shading Mode"},"sceneLighting":false,"audioPlay":false,"sceneViewState":{"showFog":false,"showMaterialUpdate":false,"showSkybox":false,"showFlares":false,"showImageEffects":false,"showParticleSystems":false},"in2DMode":false,"pivot":{"x":-6.566348075866699,"y":1.5170848369598389,"z":52.036991119384769},"rotation":{"x":0.2522275149822235,"y":0.011611662805080414,"z":-0.0030268742702901365,"w":0.9675942659378052},"size":0.8083295822143555,"orthographic":true}