{"cameraMode":{"drawMode":0,"name":"Shaded","section":"Shading Mode"},"sceneLighting":true,"audioPlay":false,"sceneViewState":{"showFog":false,"showMaterialUpdate":false,"showSkybox":false,"showFlares":false,"showImageEffects":false,"showParticleSystems":false},"in2DMode":false,"pivot":{"x":-0.015035629272460938,"y":-0.13892364501953126,"z":0.013158798217773438},"rotation":{"x":0.10522191226482392,"y":0.14664055407047273,"z":-0.015220308676362038,"w":0.9836402535438538},"size":120.0311279296875,"orthographic":true}