{"cameraMode":{"drawMode":0,"name":"Shaded","section":"Shading Mode"},"sceneLighting":false,"audioPlay":false,"sceneViewState":{"showFog":false,"showMaterialUpdate":false,"showSkybox":false,"showFlares":false,"showImageEffects":false,"showParticleSystems":false},"in2DMode":false,"pivot":{"x":5.065685749053955,"y":4.166780948638916,"z":-29.842796325683595},"rotation":{"x":-0.21431191265583039,"y":0.011421231552958489,"z":-0.002509955083951354,"w":-0.9767069816589356},"size":31.48378562927246,"orthographic":true}