{"cameraMode":{"drawMode":0,"name":"Shaded","section":"Shading Mode"},"sceneLighting":false,"audioPlay":false,"sceneViewState":{"showFog":false,"showMaterialUpdate":false,"showSkybox":false,"showFlares":false,"showImageEffects":false,"showParticleSystems":false},"in2DMode":false,"pivot":{"x":-6.566348075866699,"y":1.5170848369598389,"z":52.036991119384769},"rotation":{"x":-0.045125894248485568,"y":-0.5804911255836487,"z":0.032263919711112979,"w":-0.8124188184738159},"size":0.8083295822143555,"orthographic":true}